Placa;Data/Hora;Quantidade;Preço unit.;Valor final
APH4G43;03/11/2025 19:00;72,67;R$ 5,48;R$ 398,23
APH4G43;05/11/2025 16:18;72,2;R$ 5,45;R$ 393,49
APH4G43;10/11/2025 06:41;86,521;R$ 5,45;R$ 471,54
APH4G43;11/11/2025 16:32;71,14;R$ 5,45;R$ 387,71
APH4G43;14/11/2025 18:18;78,98;R$ 5,45;R$ 430,44
APH4G43;21/11/2025 05:18;75,55;R$ 5,45;R$ 411,74
APH4G43;24/11/2025 17:42;84,01;R$ 5,45;R$ 457,85
APH4G43;27/11/2025 09:19;97,528;R$ 5,40;R$ 526,65
APH4G43;28/11/2025 19:00;73,47;R$ 5,40;R$ 396,73
APH4G43;03/12/2025 16:27;87,17;5,4;R$ 470,71
APH4G43;05/12/2025 17:59;100,34;5,4;R$ 541,83
APH4G43;09/12/2025 19:25;81,88;5,4;R$ 442,15
APH4G43;15/12/2025 15:10;70,015;5,4;R$ 378,08
APH4G43;18/12/2025 08:11;78,025;5,4;R$ 421,33
EPP6H50;06/11/2025 05:52;156,97;R$ 5,55;R$ 871,18
EPP6H50;13/11/2025 07:17;204,781;R$ 5,55;R$ 1.136,54
EPP6H50;18/11/2025 17:47;226,005;R$ 5,55;R$ 1.254,32
EPP6H50;25/11/2025 06:06;153,46;R$ 5,55;R$ 851,70
EPP6H50;02/12/2025 00:23;149,57;R$ 5,50;R$ 822,64
EPP6H50;04/12/2025 16:23;242;R$ 5,50;R$ 1.331,00
EPP6H50;11/12/2025 16:25;213,93;R$ 5,50;R$ 1.176,61
EPP6H50;17/12/2025 10:37;194,641;R$ 5,50;R$ 1.070,53
EPP6H50;23/12/2025 08:09;174,66;R$ 5,50;R$ 960,63
EPP6H50;30/12/2025 11:45;195;R$ 5,50;R$ 1.072,50
EWJ9881;12/11/2025 10:22;207,061;5,55;R$ 1.149,19
EWJ9881;26/11/2025 18:12;169,01;5,5;R$ 929,55
EWJ9881;18/12/2025 09:50;193;5,5;R$ 1.061,50
FVE9D27;03/11/2025 06:12;45,021;5,5;R$ 247,62
FVE9D27;06/11/2025 06:52;48,74;5,55;R$ 270,50
FVE9D27;06/11/2025 19:11;63,25;5,55;R$ 351,03
FVE9D27;10/11/2025 13:59;49,005;5,55;R$ 271,97
FVE9D27;14/11/2025 15:22;68,61;5,55;R$ 380,78
FVE9D27;18/11/2025 13:38;58,103;5,55;R$ 322,47
FVE9D27;19/11/2025 16:50;43,42;5,55;R$ 240,98
FVE9D27;21/11/2025 18:52;45,23;5,55;R$ 251,02
FVE9D27;27/11/2025 05:40;74,04;5,5;R$ 407,22
FVE9D27;29/11/2025 17:35;67,177;5,5;R$ 369,48
FVE9D27;04/12/2025 08:58;71,43;5,5;R$ 392,86
FVE9D27;05/12/2025 06:17;51,71;5,5;R$ 284,41
FVE9D27;05/12/2025 16:44;53,69;5,5;R$ 295,29
FVE9D27;10/12/2025 14:03;61,071;5,5;R$ 335,89
FVE9D27;11/12/2025 18:29;70,46;5,5;R$ 387,53
FVE9D27;15/12/2025 19:32;61,72;5,5;R$ 339,46
FVE9D27;18/12/2025 06:49;61,17;5,5;R$ 336,44
FVE9D27;19/12/2025 06:14;45,476;5,5;R$ 250,11
FVE9D27;19/12/2025 14:55;45,1;5,5;R$ 248,05
FVE9D27;24/12/2025 10:52;61,179;5,5;R$ 336,48
FVE9D27;30/12/2025 07:26;62,101;5,5;R$ 341,55
GXH8043;04/11/2025 00:25;85,078;5,48;R$ 466,23
GXH8043;07/11/2025 11:03;154,06;5,45;R$ 839,62
GXH8043;14/11/2025 16:10;93,16;5,45;R$ 507,72
GXH8043;14/11/2025 16:10;33,48;5,45;R$ 182,46
GXH8043;18/11/2025 01:42;83;5,45;R$ 452,35
GXH8043;20/11/2025 01:18;110;5,45;R$ 599,50
GXH8043;22/11/2025 01:28;91;5,45;R$ 495,95
GXH8043;26/11/2025 14:08;162,241;5,4;R$ 876,10
GXH8043;27/11/2025 00:08;108,622;5,4;R$ 586,55
GXH8043;28/11/2025 19:23;50;5,4;R$ 270,00
GXH8043;29/11/2025 00:43;73,808;5,4;R$ 398,56
GXH8043;02/12/2025 18:15;155,02;5,4;R$ 837,10
GXH8043;04/12/2025 00:53;92,32;5,4;R$ 498,53
GXH8043;10/12/2025 17:07;157,16;5,4;R$ 848,66
GXH8043;16/12/2025 01:22;112,992;5,5;R$ 621,45
GXH8043;18/12/2025 01:40;103,475;5,5;R$ 569,11
GXH8043;19/12/2025 01:42;128;5,4;R$ 691,20
GXH8043;26/12/2025 07:45;130,071;5,4;R$ 702,38
MIY6C60;03/11/2025 16:13;211,19;5,5;R$ 1.161,54
MIY6C60;03/11/2025 16:13;159,32;5,5;R$ 876,26
MIY6C60;06/11/2025 01:24;282;5,55;R$ 1.565,10
MIY6C60;12/11/2025 11:05;383;5,55;R$ 2.125,65
MIY6C60;18/11/2025 01:45;280;5,55;R$ 1.554,00
MIY6C60;22/11/2025 01:30;290,008;5,55;R$ 1.609,55
MIY6C60;27/11/2025 13:13;426,828;5,5;R$ 2.347,55
MIY6C60;29/11/2025 01:16;184,087;5,5;R$ 1.012,48
MIY6C60;04/12/2025 12:43;282,22;5,5;R$ 1.552,21
MIY6C60;13/12/2025 00:09;307,002;5,5;R$ 1.688,51
MIY6C60;17/12/2025 12:17;303;5,5;R$ 1.666,50
MIY6C60;20/12/2025 00:39;285,002;5,5;R$ 1.567,51
MIY6C60;29/12/2025 11:15;281,38;5,5;R$ 1.547,59
MKG1B33;03/11/2025 11:58;203,19;5,5;R$ 1.117,54
MKG1B33;05/11/2025 15:38;180,021;5,55;R$ 999,12
MKG1B33;06/11/2025 19:25;127,492;5,55;R$ 707,58
MKG1B33;10/11/2025 09:48;127,11;5,55;R$ 705,46
MKG1B33;11/11/2025 06:28;100,021;5,55;R$ 555,12
MKG1B33;12/11/2025 22:36;113,807;5,55;R$ 631,62
MKG1B33;14/11/2025 04:43;139,76;5,55;R$ 775,67
MKG1B33;17/11/2025 19:40;94,935;5,55;R$ 526,88
MKG1B33;20/11/2025 06:27;176,721;5,55;R$ 980,80
MKG1B33;25/11/2025 14:28;232;5,55;R$ 1.287,60
MKG1B33;27/11/2025 11:04;222,871;5,5;R$ 1.225,79
MKG1B33;03/12/2025 10:56;162,011;5,5;R$ 891,06
MKG1B33;06/12/2025 13:36;90,015;5,5;R$ 495,08
MKG1B33;11/12/2025 09:37;211;5,5;R$ 1.160,50
MKG1B33;16/12/2025 21:39;114,587;5,5;R$ 630,22
MKG1B33;17/12/2025 20:48;137,695;5,5;R$ 757,32
MKG1B33;29/12/2025 15:37;192,26;5,5;R$ 1.057,43
MKG1B33;30/12/2025 00:05;62,595;5,5;R$ 344,27
MKG1B33;30/12/2025 21:36;129,61;5,5;R$ 712,85
MKQ2E28;01/11/2025 19:12;344,527;5,5;R$ 1.894,89
MKQ2E28;09/11/2025 06:31;248,9;5,55;R$ 1.381,39
MKQ2E28;11/11/2025 16:17;391,39;5,55;R$ 2.172,21
MKQ2E28;25/11/2025 17:36;257;5,55;R$ 1.426,35
MKQ2E28;04/12/2025 16:51;136,31;5,5;R$ 749,70
MKQ2E28;04/12/2025 16:51;143,55;5,5;R$ 789,52
MKQ2E28;15/12/2025 16:35;249,83;5,5;R$ 1.374,06
MKQ2E28;22/12/2025 22:39;111,291;5,5;R$ 612,10
MLM9642;05/11/2025 10:47;371,355;5,58;R$ 2.072,16
MLM9642;14/11/2025 15:54;100,59;5,55;R$ 558,27
MLM9642;16/12/2025 18:13;360,501;5,5;R$ 1.982,76
MLM9642;21/12/2025 09:25;36,111;5,5;R$ 198,61
MLM9642;21/12/2025 09:25;24,341;5,5;R$ 133,88
MLU0J08;10/11/2025 17:13;128,166;5,55;R$ 711,32
MLU0J08;14/11/2025 06:24;116,08;5,55;R$ 644,24
MLU0J08;24/11/2025 12:25;140,547;5,55;R$ 780,03
MLU0J08;27/11/2025 07:16;131,301;5,5;R$ 722,16
MLU0J08;01/12/2025 13:32;91,451;5,5;R$ 502,98
MLU0J08;03/12/2025 18:48;90,19;5,5;R$ 496,04
MLU0J08;04/12/2025 20:04;102,4;5,5;R$ 563,20
MLU0J08;09/12/2025 22:39;125,55;5,5;R$ 690,52
MLU0J08;15/12/2025 06:37;84,207;5,5;R$ 463,13
MLU0J08;17/12/2025 11:21;93,99;5,5;R$ 516,94
MLU0J08;22/12/2025 10:26;129,08;5,5;R$ 709,94
MLX8C23;03/11/2025 14:47;81,812;5,5;R$ 449,96
MLX8C23;06/11/2025 07:22;146,55;5,55;R$ 813,35
MLX8C23;11/11/2025 01:16;95,011;5,55;R$ 527,31
MLX8C23;14/11/2025 00:07;87,255;5,55;R$ 484,26
MLX8C23;19/11/2025 00:22;170;5,55;R$ 943,50
MLX8C23;22/11/2025 00:54;93,007;5,55;R$ 516,18
MLX8C23;25/11/2025 00:29;122,575;5,55;R$ 680,29
MLX8C23;25/11/2025 23:52;111,005;5,5;R$ 610,52
MLX8C23;26/11/2025 23:59;94,755;5,5;R$ 521,15
MLX8C23;02/12/2025 00:45;110;5,5;R$ 605,00
MLX8C23;04/12/2025 01:36;86,8;5,5;R$ 477,40
MLX8C23;04/12/2025 16:52;67,36;5,5;R$ 370,48
MLX8C23;04/12/2025 16:52;13,04;5,5;R$ 71,72
MLX8C23;09/12/2025 00:38;179,725;5,5;R$ 988,48
MLX8C23;11/12/2025 00:56;134,192;5,5;R$ 738,05
MLX8C23;12/12/2025 00:51;100;5,5;R$ 550,00
MLX8C23;15/12/2025 15:13;68,93;5,5;R$ 379,11
MLX8C23;17/12/2025 01:00;152,111;5,5;R$ 836,61
MLX8C23;18/12/2025 00:49;112;5,5;R$ 616,00
MLX8C23;26/12/2025 12:14;93,802;5,5;R$ 515,91
MLX8C23;30/12/2025 03:09;75;5,5;R$ 412,50
MLX8C23;30/12/2025 22:57;88,357;5,5;R$ 485,96
NPJ4E43;04/11/2025 09:09;164,72;5,48;R$ 902,66
NPJ4E43;06/11/2025 01:19;155,012;5,55;R$ 860,31
NPJ4E43;10/11/2025 20:42;149,21;5,45;R$ 813,19
NPJ4E43;13/11/2025 19:25;170,57;5,45;R$ 929,60
NPJ4E43;18/11/2025 19:19;189;5,45;R$ 1.030,05
NPJ4E43;19/11/2025 14:25;59,94;5,45;R$ 326,67
NPJ4E43;21/11/2025 21:12;129,87;5,55;R$ 720,77
NPJ4E43;27/11/2025 05:35;105,23;5,4;R$ 568,24
NPJ4E43;01/12/2025 17:28;154,79;5,4;R$ 835,86
NPJ4E43;04/12/2025 17:55;145,68;5,4;R$ 786,67
NPJ4E43;09/12/2025 18:38;167,81;5,4;R$ 906,17
NPJ4E43;12/12/2025 06:24;101,501;5,4;R$ 548,11
NPJ4E43;15/12/2025 19:39;185,19;5,4;R$ 1.000,02
NPJ4E43;20/12/2025 00:24;185,02;5,4;R$ 999,10
NPJ4E43;27/12/2025 07:13;116,35;5,4;R$ 628,29
OKG5I79;06/11/2025 17:38;25,1;3,09;R$ 77,55
OKG5I79;06/11/2025 17:38;476,14;5,55;R$ 2.642,57
OKG5I79;26/11/2025 10:13;293,85;5,5;R$ 1.616,18
OKG5I79;02/12/2025 05:42;386,39;5,5;R$ 2.125,14
OKG5I79;08/12/2025 06:06;290,03;5,5;R$ 1.595,17
OKG5I79;11/12/2025 22:05;256,42;5,5;R$ 1.410,31
OKG5I79;15/12/2025 13:53;188,18;5,5;R$ 1.034,99
QHC7F95;04/11/2025 18:42;99,81;5,58;R$ 556,93
QHC7F95;11/11/2025 01:25;135,002;5,55;R$ 749,26
QHC7F95;12/11/2025 23:51;126,137;5,55;R$ 700,06
QHC7F95;14/11/2025 15:19;146,04;5,55;R$ 810,52
QHC7F95;19/11/2025 01:11;116;5,55;R$ 643,80
QHC7F95;22/11/2025 00:56;121;5,55;R$ 671,55
QHC7F95;25/11/2025 00:25;150,002;5,55;R$ 832,51
QHC7F95;25/11/2025 23:48;130;5,5;R$ 715,00
QHC7F95;27/11/2025 00:06;136;5,5;R$ 748,00
QHC7F95;29/11/2025 00:40;126,502;5,5;R$ 695,76
QHC7F95;02/12/2025 00:39;98,011;5,5;R$ 539,06
QHC7F95;03/12/2025 01:09;115;5,5;R$ 632,50
QHC7F95;04/12/2025 02:14;144,098;5,5;R$ 792,54
QHC7F95;09/12/2025 23:48;138;5,5;R$ 759,00
QHC7F95;11/12/2025 00:55;127,656;5,5;R$ 702,11
QHC7F95;11/12/2025 19:52;77,55;5,5;R$ 426,52
QHC7F95;13/12/2025 00:03;70;5,5;R$ 385,00
QHC7F95;16/12/2025 00:05;115,292;5,5;R$ 634,10
QHC7F95;17/12/2025 00:55;132,177;5,5;R$ 726,98
QHC7F95;19/12/2025 15:20;142,005;5,5;R$ 781,02
QHC7F95;23/12/2025 18:48;190,08;5,5;R$ 1.045,44
QHC7F95;30/12/2025 03:13;136,007;5,5;R$ 748,03
QIY4838;10/11/2025 15:26;165,39;5,55;R$ 917,91
QIY4838;12/11/2025 03:47;12,97;3,09;R$ 40,08
QIY4838;12/11/2025 03:47;26,821;5,55;R$ 148,86
QIY4838;18/11/2025 06:04;83,61;5,55;R$ 464,04
QIY4838;02/12/2025 15:13;155,01;5,5;R$ 852,55
QIY4838;03/12/2025 01:05;40,002;5,5;R$ 220,01
QIY4838;09/12/2025 15:22;148,76;5,5;R$ 818,18
QIY4838;17/12/2025 06:39;172,39;5,5;R$ 948,14
QIY4838;27/12/2025 04:45;172,781;5,5;R$ 950,30
MIY6C60;05/11/2025 18:01;53,41;5,55;R$ 296,42
MIY6C60;07/11/2025 17:31;54,76;5,55;R$ 303,91
MIY6C60;11/11/2025 17:48;62,355;5,55;R$ 346,07
MIY6C60;13/11/2025 17:15;37,772;5,55;R$ 209,63
MIY6C60;14/11/2025 20:02;23,02;5,55;R$ 127,76
MIY6C60;19/11/2025 05:54;60,94;5,55;R$ 338,22
MIY6C60;21/11/2025 16:34;39,319;5,55;R$ 218,22
MIY6C60;25/11/2025 17:49;31,108;5,55;R$ 172,65
MIY6C60;26/11/2025 18:01;40,275;5,5;R$ 221,51
MIY6C60;01/12/2025 17:52;55,06;5,5;R$ 302,83
MIY6C60;03/12/2025 16:27;21,248;5,5;R$ 116,87
MIY6C60;05/12/2025 16:14;49,36;5,5;R$ 271,48
MIY6C60;08/12/2025 17:41;40,062;5,5;R$ 220,34
MIY6C60;10/12/2025 16:25;19,477;5,5;R$ 107,12
MIY6C60;10/12/2025 16:25;14,02;5,5;R$ 77,11
MIY6C60;12/12/2025 17:37;17,84;5,5;R$ 98,12
MIY6C60;15/12/2025 16:33;33,762;5,5;R$ 185,69
MIY6C60;17/12/2025 11:44;25,21;5,5;R$ 138,65
MIY6C60;18/12/2025 17:19;20,341;5,5;R$ 111,88
MIY6C60;19/12/2025 15:39;18,892;5,5;R$ 103,90
MIY6C60;22/12/2025 18:53;47,037;5,5;R$ 258,70
MIY6C60;24/12/2025 09:01;54,55;5,5;R$ 300,02
MIY6C60;30/12/2025 17:36;56,628;5,5;R$ 311,45
